[{"model": "admin.logentry", "pk": 1, "fields": {"action_time": "2024-06-03T03:06:19.100Z", "user": 1, "content_type": 11, "object_id": "1", "object_repr": "CGV 천호 IMAX관", "action_flag": 1, "change_message": "[{\"added\": {}}]"}}, {"model": "admin.logentry", "pk": 2, "fields": {"action_time": "2024-06-03T03:06:28.578Z", "user": 1, "content_type": 11, "object_id": "2", "object_repr": "CGV 용산아이파크몰", "action_flag": 1, "change_message": "[{\"added\": {}}]"}}, {"model": "admin.logentry", "pk": 3, "fields": {"action_time": "2024-06-04T00:54:24.334Z", "user": 1, "content_type": 12, "object_id": "23", "object_repr": "test", "action_flag": 1, "change_message": "[{\"added\": {}}]"}}, {"model": "admin.logentry", "pk": 4, "fields": {"action_time": "2024-06-04T00:55:21.320Z", "user": 1, "content_type": 12, "object_id": "24", "object_repr": "test", "action_flag": 1, "change_message": "[{\"added\": {}}]"}}, {"model": "auth.permission", "pk": 1, "fields": {"name": "Can add log entry", "content_type": 1, "codename": "add_logentry"}}, {"model": "auth.permission", "pk": 2, "fields": {"name": "Can change log entry", "content_type": 1, "codename": "change_logentry"}}, {"model": "auth.permission", "pk": 3, "fields": {"name": "Can delete log entry", "content_type": 1, "codename": "delete_logentry"}}, {"model": "auth.permission", "pk": 4, "fields": {"name": "Can view log entry", "content_type": 1, "codename": "view_logentry"}}, {"model": "auth.permission", "pk": 5, "fields": {"name": "Can add permission", "content_type": 2, "codename": "add_permission"}}, {"model": "auth.permission", "pk": 6, "fields": {"name": "Can change permission", "content_type": 2, "codename": "change_permission"}}, {"model": "auth.permission", "pk": 7, "fields": {"name": "Can delete permission", "content_type": 2, "codename": "delete_permission"}}, {"model": "auth.permission", "pk": 8, "fields": {"name": "Can view permission", "content_type": 2, "codename": "view_permission"}}, {"model": "auth.permission", "pk": 9, "fields": {"name": "Can add group", "content_type": 3, "codename": "add_group"}}, {"model": "auth.permission", "pk": 10, "fields": {"name": "Can change group", "content_type": 3, "codename": "change_group"}}, {"model": "auth.permission", "pk": 11, "fields": {"name": "Can delete group", "content_type": 3, "codename": "delete_group"}}, {"model": "auth.permission", "pk": 12, "fields": {"name": "Can view group", "content_type": 3, "codename": "view_group"}}, {"model": "auth.permission", "pk": 13, "fields": {"name": "Can add content type", "content_type": 4, "codename": "add_contenttype"}}, {"model": "auth.permission", "pk": 14, "fields": {"name": "Can change content type", "content_type": 4, "codename": "change_contenttype"}}, {"model": "auth.permission", "pk": 15, "fields": {"name": "Can delete content type", "content_type": 4, "codename": "delete_contenttype"}}, {"model": "auth.permission", "pk": 16, "fields": {"name": "Can view content type", "content_type": 4, "codename": "view_contenttype"}}, {"model": "auth.permission", "pk": 17, "fields": {"name": "Can add session", "content_type": 5, "codename": "add_session"}}, {"model": "auth.permission", "pk": 18, "fields": {"name": "Can change session", "content_type": 5, "codename": "change_session"}}, {"model": "auth.permission", "pk": 19, "fields": {"name": "Can delete session", "content_type": 5, "codename": "delete_session"}}, {"model": "auth.permission", "pk": 20, "fields": {"name": "Can view session", "content_type": 5, "codename": "view_session"}}, {"model": "auth.permission", "pk": 21, "fields": {"name": "Can add blacklisted token", "content_type": 6, "codename": "add_blacklistedtoken"}}, {"model": "auth.permission", "pk": 22, "fields": {"name": "Can change blacklisted token", "content_type": 6, "codename": "change_blacklistedtoken"}}, {"model": "auth.permission", "pk": 23, "fields": {"name": "Can delete blacklisted token", "content_type": 6, "codename": "delete_blacklistedtoken"}}, {"model": "auth.permission", "pk": 24, "fields": {"name": "Can view blacklisted token", "content_type": 6, "codename": "view_blacklistedtoken"}}, {"model": "auth.permission", "pk": 25, "fields": {"name": "Can add outstanding token", "content_type": 7, "codename": "add_outstandingtoken"}}, {"model": "auth.permission", "pk": 26, "fields": {"name": "Can change outstanding token", "content_type": 7, "codename": "change_outstandingtoken"}}, {"model": "auth.permission", "pk": 27, "fields": {"name": "Can delete outstanding token", "content_type": 7, "codename": "delete_outstandingtoken"}}, {"model": "auth.permission", "pk": 28, "fields": {"name": "Can view outstanding token", "content_type": 7, "codename": "view_outstandingtoken"}}, {"model": "auth.permission", "pk": 29, "fields": {"name": "Can add notification", "content_type": 8, "codename": "add_notification"}}, {"model": "auth.permission", "pk": 30, "fields": {"name": "Can change notification", "content_type": 8, "codename": "change_notification"}}, {"model": "auth.permission", "pk": 31, "fields": {"name": "Can delete notification", "content_type": 8, "codename": "delete_notification"}}, {"model": "auth.permission", "pk": 32, "fields": {"name": "Can view notification", "content_type": 8, "codename": "view_notification"}}, {"model": "auth.permission", "pk": 33, "fields": {"name": "Can add user", "content_type": 9, "codename": "add_user"}}, {"model": "auth.permission", "pk": 34, "fields": {"name": "Can change user", "content_type": 9, "codename": "change_user"}}, {"model": "auth.permission", "pk": 35, "fields": {"name": "Can delete user", "content_type": 9, "codename": "delete_user"}}, {"model": "auth.permission", "pk": 36, "fields": {"name": "Can view user", "content_type": 9, "codename": "view_user"}}, {"model": "auth.permission", "pk": 37, "fields": {"name": "Can add seat", "content_type": 10, "codename": "add_seat"}}, {"model": "auth.permission", "pk": 38, "fields": {"name": "Can change seat", "content_type": 10, "codename": "change_seat"}}, {"model": "auth.permission", "pk": 39, "fields": {"name": "Can delete seat", "content_type": 10, "codename": "delete_seat"}}, {"model": "auth.permission", "pk": 40, "fields": {"name": "Can view seat", "content_type": 10, "codename": "view_seat"}}, {"model": "auth.permission", "pk": 41, "fields": {"name": "Can add theater", "content_type": 11, "codename": "add_theater"}}, {"model": "auth.permission", "pk": 42, "fields": {"name": "Can change theater", "content_type": 11, "codename": "change_theater"}}, {"model": "auth.permission", "pk": 43, "fields": {"name": "Can delete theater", "content_type": 11, "codename": "delete_theater"}}, {"model": "auth.permission", "pk": 44, "fields": {"name": "Can view theater", "content_type": 11, "codename": "view_theater"}}, {"model": "auth.permission", "pk": 45, "fields": {"name": "Can add review", "content_type": 12, "codename": "add_review"}}, {"model": "auth.permission", "pk": 46, "fields": {"name": "Can change review", "content_type": 12, "codename": "change_review"}}, {"model": "auth.permission", "pk": 47, "fields": {"name": "Can delete review", "content_type": 12, "codename": "delete_review"}}, {"model": "auth.permission", "pk": 48, "fields": {"name": "Can view review", "content_type": 12, "codename": "view_review"}}, {"model": "auth.permission", "pk": 49, "fields": {"name": "Can add comment", "content_type": 13, "codename": "add_comment"}}, {"model": "auth.permission", "pk": 50, "fields": {"name": "Can change comment", "content_type": 13, "codename": "change_comment"}}, {"model": "auth.permission", "pk": 51, "fields": {"name": "Can delete comment", "content_type": 13, "codename": "delete_comment"}}, {"model": "auth.permission", "pk": 52, "fields": {"name": "Can view comment", "content_type": 13, "codename": "view_comment"}}, {"model": "auth.permission", "pk": 53, "fields": {"name": "Can add search history", "content_type": 14, "codename": "add_searchhistory"}}, {"model": "auth.permission", "pk": 54, "fields": {"name": "Can change search history", "content_type": 14, "codename": "change_searchhistory"}}, {"model": "auth.permission", "pk": 55, "fields": {"name": "Can delete search history", "content_type": 14, "codename": "delete_searchhistory"}}, {"model": "auth.permission", "pk": 56, "fields": {"name": "Can view search history", "content_type": 14, "codename": "view_searchhistory"}}, {"model": "contenttypes.contenttype", "pk": 1, "fields": {"app_label": "admin", "model": "logentry"}}, {"model": "contenttypes.contenttype", "pk": 2, "fields": {"app_label": "auth", "model": "permission"}}, {"model": "contenttypes.contenttype", "pk": 3, "fields": {"app_label": "auth", "model": "group"}}, {"model": "contenttypes.contenttype", "pk": 4, "fields": {"app_label": "contenttypes", "model": "contenttype"}}, {"model": "contenttypes.contenttype", "pk": 5, "fields": {"app_label": "sessions", "model": "session"}}, {"model": "contenttypes.contenttype", "pk": 6, "fields": {"app_label": "token_blacklist", "model": "blacklistedtoken"}}, {"model": "contenttypes.contenttype", "pk": 7, "fields": {"app_label": "token_blacklist", "model": "outstandingtoken"}}, {"model": "contenttypes.contenttype", "pk": 8, "fields": {"app_label": "notification", "model": "notification"}}, {"model": "contenttypes.contenttype", "pk": 9, "fields": {"app_label": "accounts", "model": "user"}}, {"model": "contenttypes.contenttype", "pk": 10, "fields": {"app_label": "articles", "model": "seat"}}, {"model": "contenttypes.contenttype", "pk": 11, "fields": {"app_label": "articles", "model": "theater"}}, {"model": "contenttypes.contenttype", "pk": 12, "fields": {"app_label": "articles", "model": "review"}}, {"model": "contenttypes.contenttype", "pk": 13, "fields": {"app_label": "articles", "model": "comment"}}, {"model": "contenttypes.contenttype", "pk": 14, "fields": {"app_label": "searches", "model": "searchhistory"}}, {"model": "sessions.session", "pk": "umu3t14trf1vf8tdhg8uiarzzm8g6e73", "fields": {"session_data": ".eJxVjctuwjAURP_FaxTFz8TdBRVBgValIYiyia4facIjbuPQDeLfcSQWcFejOzNnLqiEc1-XZ2-7sjHoBVE0evwp0AfbDobZQ_vjIu3avmtUNESiu-ujd2fscXzPPgFq8HVoMwKKGVoZbAyVOsHCKkmA8hSD4LKKBdESIKZEEWACbBLjiss0qRTX1KgABa2t92Xvwkgg7lyzYRby_K_INv8k_toeRf697HanbJ7Mi1k23Mp1rx9vQUw_-XpRjNkk_V1t84mqMbreADa5Uf0:1sEbtg:0FmVJtUQyC3BrVvQDCraAzYlNLC6x5j8eFyufzauDjE", "expire_date": "2024-06-18T21:40:48.768Z"}}, {"model": "token_blacklist.outstandingtoken", "pk": 1, "fields": {"user": 1, "jti": "4922535324964001a97dc4cab5746d33", "token": "eyJhbGciOiJIUzI1NiIsInR5cCI6IkpXVCJ9.eyJ0b2tlbl90eXBlIjoicmVmcmVzaCIsImV4cCI6MTcxNzQ3MDc5NCwiaWF0IjoxNzE3Mzg0Mzk0LCJqdGkiOiI0OTIyNTM1MzI0OTY0MDAxYTk3ZGM0Y2FiNTc0NmQzMyIsInVzZXJfaWQiOjF9.6cmpOSVjWt8-79NOA2qrmFgJQtiajHs2pHqyHP8pV4o", "created_at": "2024-06-03T03:13:14.275Z", "expires_at": "2024-06-04T03:13:14Z"}}, {"model": "token_blacklist.outstandingtoken", "pk": 2, "fields": {"user": 1, "jti": "2ac0ccc7abd94ac2af1cee86c5d65c5d", "token": "eyJhbGciOiJIUzI1NiIsInR5cCI6IkpXVCJ9.eyJ0b2tlbl90eXBlIjoicmVmcmVzaCIsImV4cCI6MTcxNzQ3MDg1MywiaWF0IjoxNzE3Mzg0NDUzLCJqdGkiOiIyYWMwY2NjN2FiZDk0YWMyYWYxY2VlODZjNWQ2NWM1ZCIsInVzZXJfaWQiOjF9.SK8YA2tfyMUDUosmQjxv0iTA7H9nkFRVNHVi5XhyLLY", "created_at": "2024-06-03T03:14:13.443Z", "expires_at": "2024-06-04T03:14:13Z"}}, {"model": "token_blacklist.outstandingtoken", "pk": 3, "fields": {"user": null, "jti": "c245dcd7f2be40e4b8c254394dfe37d4", "token": "eyJhbGciOiJIUzI1NiIsInR5cCI6IkpXVCJ9.eyJ0b2tlbl90eXBlIjoicmVmcmVzaCIsImV4cCI6MTcxNzQ3MDk0NSwiaWF0IjoxNzE3Mzg0NTQ1LCJqdGkiOiJjMjQ1ZGNkN2YyYmU0MGU0YjhjMjU0Mzk0ZGZlMzdkNCIsInVzZXJfaWQiOjJ9.4bVCx1oIT97SWaXKno0Q1TekDKpnFVxPPYl4-2lgjt8", "created_at": "2024-06-03T03:15:45.543Z", "expires_at": "2024-06-04T03:15:45Z"}}, {"model": "token_blacklist.outstandingtoken", "pk": 4, "fields": {"user": null, "jti": "d85856b034e647d7a1b75a12bd9461ce", "token": "eyJhbGciOiJIUzI1NiIsInR5cCI6IkpXVCJ9.eyJ0b2tlbl90eXBlIjoicmVmcmVzaCIsImV4cCI6MTcxNzQ3MTA3NSwiaWF0IjoxNzE3Mzg0Njc1LCJqdGkiOiJkODU4NTZiMDM0ZTY0N2Q3YTFiNzVhMTJiZDk0NjFjZSIsInVzZXJfaWQiOjJ9.lZnFglvZIsp_o7_04AOY3_-pjP2CR3Nh158khN_CdYY", "created_at": "2024-06-03T03:17:55.373Z", "expires_at": "2024-06-04T03:17:55Z"}}, {"model": "token_blacklist.outstandingtoken", "pk": 5, "fields": {"user": null, "jti": "8d368db954104d5eb4eaba12c8c9591e", "token": "eyJhbGciOiJIUzI1NiIsInR5cCI6IkpXVCJ9.eyJ0b2tlbl90eXBlIjoicmVmcmVzaCIsImV4cCI6MTcxNzQ3MjI5MSwiaWF0IjoxNzE3Mzg1ODkxLCJqdGkiOiI4ZDM2OGRiOTU0MTA0ZDVlYjRlYWJhMTJjOGM5NTkxZSIsInVzZXJfaWQiOjJ9.CP9fbqIdewZo_YCJ4EQm3rXCrAt1r3O9VpskE-lHXTg", "created_at": "2024-06-03T03:38:11.370Z", "expires_at": "2024-06-04T03:38:11Z"}}, {"model": "token_blacklist.outstandingtoken", "pk": 6, "fields": {"user": null, "jti": "4369d8629e20482cb2d16ca58b213299", "token": "eyJhbGciOiJIUzI1NiIsInR5cCI6IkpXVCJ9.eyJ0b2tlbl90eXBlIjoicmVmcmVzaCIsImV4cCI6MTcxNzQ3MjQ0NywiaWF0IjoxNzE3Mzg2MDQ3LCJqdGkiOiI0MzY5ZDg2MjllMjA0ODJjYjJkMTZjYTU4YjIxMzI5OSIsInVzZXJfaWQiOjJ9.Qp5vl-qJlqF0cXrktroGQ2gQaS-c0gFOAUjGzwpqL8M", "created_at": "2024-06-03T03:40:47.984Z", "expires_at": "2024-06-04T03:40:47Z"}}, {"model": "token_blacklist.outstandingtoken", "pk": 7, "fields": {"user": 1, "jti": "b497a48793f14504bcdd2c6a393559bc", "token": "eyJhbGciOiJIUzI1NiIsInR5cCI6IkpXVCJ9.eyJ0b2tlbl90eXBlIjoicmVmcmVzaCIsImV4cCI6MTcxNzQ3MjcxNCwiaWF0IjoxNzE3Mzg2MzE0LCJqdGkiOiJiNDk3YTQ4NzkzZjE0NTA0YmNkZDJjNmEzOTM1NTliYyIsInVzZXJfaWQiOjF9.JYu-zI93l4x7hubOAU2Aj0lUWYkY5lvrbDkFatk96aQ", "created_at": "2024-06-03T03:45:14.479Z", "expires_at": "2024-06-04T03:45:14Z"}}, {"model": "token_blacklist.outstandingtoken", "pk": 8, "fields": {"user": null, "jti": "1851147a88bb4b169c038b7ad77b9c2e", "token": "eyJhbGciOiJIUzI1NiIsInR5cCI6IkpXVCJ9.eyJ0b2tlbl90eXBlIjoicmVmcmVzaCIsImV4cCI6MTcxNzQ4ODgwNiwiaWF0IjoxNzE3NDAyNDA2LCJqdGkiOiIxODUxMTQ3YTg4YmI0YjE2OWMwMzhiN2FkNzdiOWMyZSIsInVzZXJfaWQiOjJ9.v71mvS3lqu-0HALF1cT0aXxk2_YrmqLJbdPp0zeSFbY", "created_at": "2024-06-03T08:13:26.081Z", "expires_at": "2024-06-04T08:13:26Z"}}, {"model": "token_blacklist.outstandingtoken", "pk": 9, "fields": {"user": null, "jti": "2bade70b7dab413194cf9f4193777454", "token": "eyJhbGciOiJIUzI1NiIsInR5cCI6IkpXVCJ9.eyJ0b2tlbl90eXBlIjoicmVmcmVzaCIsImV4cCI6MTcxNzU0NDc0NiwiaWF0IjoxNzE3NDU4MzQ2LCJqdGkiOiIyYmFkZTcwYjdkYWI0MTMxOTRjZjlmNDE5Mzc3NzQ1NCIsInVzZXJfaWQiOjJ9.Pk6uFOLgVl5TlZqdXVQpt7EMh7fzpLQRRKA85PT3_BI", "created_at": "2024-06-03T23:45:46.582Z", "expires_at": "2024-06-04T23:45:46Z"}}, {"model": "token_blacklist.outstandingtoken", "pk": 10, "fields": {"user": null, "jti": "a43de2c98b7744788c92cb258c114782", "token": "eyJhbGciOiJIUzI1NiIsInR5cCI6IkpXVCJ9.eyJ0b2tlbl90eXBlIjoicmVmcmVzaCIsImV4cCI6MTcxNzU0NjczOCwiaWF0IjoxNzE3NDYwMzM4LCJqdGkiOiJhNDNkZTJjOThiNzc0NDc4OGM5MmNiMjU4YzExNDc4MiIsInVzZXJfaWQiOjJ9.YR16QldpXp_WI5SjKdXiWlV7D0hcZ_GB-Q6QEgcnk4A", "created_at": "2024-06-04T00:18:58.082Z", "expires_at": "2024-06-05T00:18:58Z"}}, {"model": "token_blacklist.outstandingtoken", "pk": 11, "fields": {"user": null, "jti": "d7cd4543982b4708b260727ca3fc4dad", "token": "eyJhbGciOiJIUzI1NiIsInR5cCI6IkpXVCJ9.eyJ0b2tlbl90eXBlIjoicmVmcmVzaCIsImV4cCI6MTcxNzU0ODIyMiwiaWF0IjoxNzE3NDYxODIyLCJqdGkiOiJkN2NkNDU0Mzk4MmI0NzA4YjI2MDcyN2NhM2ZjNGRhZCIsInVzZXJfaWQiOjJ9.8fnOIzt0f8vb3kDw4alVD51ope3m66b6P4P3VgiJGgQ", "created_at": "2024-06-04T00:43:42.376Z", "expires_at": "2024-06-05T00:43:42Z"}}, {"model": "token_blacklist.outstandingtoken", "pk": 12, "fields": {"user": 1, "jti": "9849b0c36c9941d495da10458a9d921c", "token": "eyJhbGciOiJIUzI1NiIsInR5cCI6IkpXVCJ9.eyJ0b2tlbl90eXBlIjoicmVmcmVzaCIsImV4cCI6MTcxNzU0ODgyOSwiaWF0IjoxNzE3NDYyNDI5LCJqdGkiOiI5ODQ5YjBjMzZjOTk0MWQ0OTVkYTEwNDU4YTlkOTIxYyIsInVzZXJfaWQiOjF9.Y3O7CXDaVpEvcMmgg_z30YDBn05-oY8X-LF-OE96ozQ", "created_at": "2024-06-04T00:53:49.552Z", "expires_at": "2024-06-05T00:53:49Z"}}, {"model": "token_blacklist.outstandingtoken", "pk": 13, "fields": {"user": null, "jti": "dd2d823068f64eccac7f6da772ec4e6b", "token": "eyJhbGciOiJIUzI1NiIsInR5cCI6IkpXVCJ9.eyJ0b2tlbl90eXBlIjoicmVmcmVzaCIsImV4cCI6MTcxNzU0OTEwOCwiaWF0IjoxNzE3NDYyNzA4LCJqdGkiOiJkZDJkODIzMDY4ZjY0ZWNjYWM3ZjZkYTc3MmVjNGU2YiIsInVzZXJfaWQiOjJ9.Nsa-tepPk7XRfMhrRHEV3hGYLqsHBBl3sedx3MX6gI0", "created_at": "2024-06-04T00:58:28.456Z", "expires_at": "2024-06-05T00:58:28Z"}}, {"model": "token_blacklist.outstandingtoken", "pk": 14, "fields": {"user": null, "jti": "33bfb63f8e514108a8ddf0b8eee88296", "token": "eyJhbGciOiJIUzI1NiIsInR5cCI6IkpXVCJ9.eyJ0b2tlbl90eXBlIjoicmVmcmVzaCIsImV4cCI6MTcxNzU0OTY2MywiaWF0IjoxNzE3NDYzMjYzLCJqdGkiOiIzM2JmYjYzZjhlNTE0MTA4YThkZGYwYjhlZWU4ODI5NiIsInVzZXJfaWQiOjJ9.7Je9KFVBW1SCpIYMF8CAFGVKMiGqrt8glpVuVwGIuvM", "created_at": "2024-06-04T01:07:43.872Z", "expires_at": "2024-06-05T01:07:43Z"}}, {"model": "token_blacklist.outstandingtoken", "pk": 15, "fields": {"user": null, "jti": "ce75a60642f040df89837ef6e1b668fa", "token": "eyJhbGciOiJIUzI1NiIsInR5cCI6IkpXVCJ9.eyJ0b2tlbl90eXBlIjoicmVmcmVzaCIsImV4cCI6MTcxNzU1Njg1OCwiaWF0IjoxNzE3NDcwNDU4LCJqdGkiOiJjZTc1YTYwNjQyZjA0MGRmODk4MzdlZjZlMWI2NjhmYSIsInVzZXJfaWQiOjJ9.DgRdbpu5XA1i1uoqz2ZlajrzmqtD1BmKh_VzHnLswyw", "created_at": "2024-06-04T03:07:38.060Z", "expires_at": "2024-06-05T03:07:38Z"}}, {"model": "token_blacklist.outstandingtoken", "pk": 16, "fields": {"user": null, "jti": "08725480140b452a8563430e7fcce4b5", "token": "eyJhbGciOiJIUzI1NiIsInR5cCI6IkpXVCJ9.eyJ0b2tlbl90eXBlIjoicmVmcmVzaCIsImV4cCI6MTcxNzU1NzQyNSwiaWF0IjoxNzE3NDcxMDI1LCJqdGkiOiIwODcyNTQ4MDE0MGI0NTJhODU2MzQzMGU3ZmNjZTRiNSIsInVzZXJfaWQiOjJ9.nHJ7WnLm3daDAb8PNJnKOSsYZ6E1fHlAEyjhzGdSlYI", "created_at": "2024-06-04T03:17:05.940Z", "expires_at": "2024-06-05T03:17:05Z"}}, {"model": "token_blacklist.outstandingtoken", "pk": 17, "fields": {"user": null, "jti": "018d267716854cafa6fca066c4f0b774", "token": "eyJhbGciOiJIUzI1NiIsInR5cCI6IkpXVCJ9.eyJ0b2tlbl90eXBlIjoicmVmcmVzaCIsImV4cCI6MTcxNzU2MTkzOSwiaWF0IjoxNzE3NDc1NTM5LCJqdGkiOiIwMThkMjY3NzE2ODU0Y2FmYTZmY2EwNjZjNGYwYjc3NCIsInVzZXJfaWQiOjJ9.ixcrZyXfZHXx6Kz6r8Lvoit08eitl1gKj6A_22ypWXA", "created_at": "2024-06-04T04:32:19.595Z", "expires_at": "2024-06-05T04:32:19Z"}}, {"model": "token_blacklist.outstandingtoken", "pk": 18, "fields": {"user": null, "jti": "80599ea891ee4cc4a1eea725500e838b", "token": "eyJhbGciOiJIUzI1NiIsInR5cCI6IkpXVCJ9.eyJ0b2tlbl90eXBlIjoicmVmcmVzaCIsImV4cCI6MTcxNzU2NTc4OCwiaWF0IjoxNzE3NDc5Mzg4LCJqdGkiOiI4MDU5OWVhODkxZWU0Y2M0YTFlZWE3MjU1MDBlODM4YiIsInVzZXJfaWQiOjJ9.ypAilH6PfxpmoV6mWgr6nVLjWErDrlPiHJLkKK5JhT0", "created_at": "2024-06-04T05:36:28.763Z", "expires_at": "2024-06-05T05:36:28Z"}}, {"model": "token_blacklist.outstandingtoken", "pk": 19, "fields": {"user": null, "jti": "04f82099b69f4742880d92994210bb68", "token": "eyJhbGciOiJIUzI1NiIsInR5cCI6IkpXVCJ9.eyJ0b2tlbl90eXBlIjoicmVmcmVzaCIsImV4cCI6MTcxNzU2NzE3OSwiaWF0IjoxNzE3NDgwNzc5LCJqdGkiOiIwNGY4MjA5OWI2OWY0NzQyODgwZDkyOTk0MjEwYmI2OCIsInVzZXJfaWQiOjJ9.AMhrL9jIN9bIEBeteX_7HXVNX4wn_snva6jh7dVzKPc", "created_at": "2024-06-04T05:59:39.011Z", "expires_at": "2024-06-05T05:59:39Z"}}, {"model": "token_blacklist.outstandingtoken", "pk": 20, "fields": {"user": null, "jti": "03175beb7bc2483492578967e5d47270", "token": "eyJhbGciOiJIUzI1NiIsInR5cCI6IkpXVCJ9.eyJ0b2tlbl90eXBlIjoicmVmcmVzaCIsImV4cCI6MTcxNzU2NzI3MCwiaWF0IjoxNzE3NDgwODcwLCJqdGkiOiIwMzE3NWJlYjdiYzI0ODM0OTI1Nzg5NjdlNWQ0NzI3MCIsInVzZXJfaWQiOjJ9.XqWHd8jpiMrmFwm8qQhRVKZcW1iJ5Y1TY2O-MhaQAPE", "created_at": "2024-06-04T06:01:10.277Z", "expires_at": "2024-06-05T06:01:10Z"}}, {"model": "token_blacklist.outstandingtoken", "pk": 21, "fields": {"user": null, "jti": "c1503e4959ab48029acc75cdc3093ad5", "token": "eyJhbGciOiJIUzI1NiIsInR5cCI6IkpXVCJ9.eyJ0b2tlbl90eXBlIjoicmVmcmVzaCIsImV4cCI6MTcxNzYyMzY5NCwiaWF0IjoxNzE3NTM3Mjk0LCJqdGkiOiJjMTUwM2U0OTU5YWI0ODAyOWFjYzc1Y2RjMzA5M2FkNSIsInVzZXJfaWQiOjJ9.G8VkXA-eWgnkXby2xBOppkGHzoiOWKAaFQjbUccjVZc", "created_at": "2024-06-04T21:41:34.307Z", "expires_at": "2024-06-05T21:41:34Z"}}, {"model": "token_blacklist.outstandingtoken", "pk": 22, "fields": {"user": null, "jti": "deff2e915e2f49719e675d42b5b8f35d", "token": "eyJhbGciOiJIUzI1NiIsInR5cCI6IkpXVCJ9.eyJ0b2tlbl90eXBlIjoicmVmcmVzaCIsImV4cCI6MTcxNzYyNDE0OCwiaWF0IjoxNzE3NTM3NzQ4LCJqdGkiOiJkZWZmMmU5MTVlMmY0OTcxOWU2NzVkNDJiNWI4ZjM1ZCIsInVzZXJfaWQiOjJ9.UeTq1xIeeACkYd9b8FGRIvjjH2gENSotHQQzeVgd2tg", "created_at": "2024-06-04T21:49:08.189Z", "expires_at": "2024-06-05T21:49:08Z"}}, {"model": "token_blacklist.outstandingtoken", "pk": 23, "fields": {"user": null, "jti": "930da9aebeb04caea05bef786d379a27", "token": "eyJhbGciOiJIUzI1NiIsInR5cCI6IkpXVCJ9.eyJ0b2tlbl90eXBlIjoicmVmcmVzaCIsImV4cCI6MTcxNzYyNDE3NCwiaWF0IjoxNzE3NTM3Nzc0LCJqdGkiOiI5MzBkYTlhZWJlYjA0Y2FlYTA1YmVmNzg2ZDM3OWEyNyIsInVzZXJfaWQiOjJ9.qswxedCzQiovei6DaQ104ZSP6VVt9MA9S3OuG9vqUCc", "created_at": "2024-06-04T21:49:34.276Z", "expires_at": "2024-06-05T21:49:34Z"}}, {"model": "token_blacklist.outstandingtoken", "pk": 24, "fields": {"user": null, "jti": "bf94f4f6c707482e8473afaa4aec60c6", "token": "eyJhbGciOiJIUzI1NiIsInR5cCI6IkpXVCJ9.eyJ0b2tlbl90eXBlIjoicmVmcmVzaCIsImV4cCI6MTcxNzYyNDQxMiwiaWF0IjoxNzE3NTM4MDEyLCJqdGkiOiJiZjk0ZjRmNmM3MDc0ODJlODQ3M2FmYWE0YWVjNjBjNiIsInVzZXJfaWQiOjJ9.FuRbmOSzCEAJEsrDHjQN34w_Ait5f6g6t6ISW8jg2Es", "created_at": "2024-06-04T21:53:32.121Z", "expires_at": "2024-06-05T21:53:32Z"}}, {"model": "token_blacklist.outstandingtoken", "pk": 25, "fields": {"user": null, "jti": "76fc4d87ed0548ad9f7a5f9e288e68f3", "token": "eyJhbGciOiJIUzI1NiIsInR5cCI6IkpXVCJ9.eyJ0b2tlbl90eXBlIjoicmVmcmVzaCIsImV4cCI6MTcxNzYyNDQ0NiwiaWF0IjoxNzE3NTM4MDQ2LCJqdGkiOiI3NmZjNGQ4N2VkMDU0OGFkOWY3YTVmOWUyODhlNjhmMyIsInVzZXJfaWQiOjJ9.9-KRnpDbWqFjy7qNbgB5pg3T2F18uYcIohmtiYe03lg", "created_at": "2024-06-04T21:54:06.400Z", "expires_at": "2024-06-05T21:54:06Z"}}, {"model": "token_blacklist.outstandingtoken", "pk": 26, "fields": {"user": null, "jti": "1460fe5df52f4e71a6333a4f3bc424d8", "token": "eyJhbGciOiJIUzI1NiIsInR5cCI6IkpXVCJ9.eyJ0b2tlbl90eXBlIjoicmVmcmVzaCIsImV4cCI6MTcxNzYyNDUxMiwiaWF0IjoxNzE3NTM4MTEyLCJqdGkiOiIxNDYwZmU1ZGY1MmY0ZTcxYTYzMzNhNGYzYmM0MjRkOCIsInVzZXJfaWQiOjJ9.sa8Xn341khgSTastQIr_kS09XexsmVvgdJbBQGyvdY0", "created_at": "2024-06-04T21:55:12.837Z", "expires_at": "2024-06-05T21:55:12Z"}}, {"model": "token_blacklist.outstandingtoken", "pk": 27, "fields": {"user": null, "jti": "da0576b54be6431c81aae35edf11f7d2", "token": "eyJhbGciOiJIUzI1NiIsInR5cCI6IkpXVCJ9.eyJ0b2tlbl90eXBlIjoicmVmcmVzaCIsImV4cCI6MTcxNzYyNDU1NCwiaWF0IjoxNzE3NTM4MTU0LCJqdGkiOiJkYTA1NzZiNTRiZTY0MzFjODFhYWUzNWVkZjExZjdkMiIsInVzZXJfaWQiOjJ9.MLm8zIctq-4cFYA0294jRSpXZd6iGkkPw7OhnkuYW9I", "created_at": "2024-06-04T21:55:54.443Z", "expires_at": "2024-06-05T21:55:54Z"}}, {"model": "token_blacklist.outstandingtoken", "pk": 28, "fields": {"user": null, "jti": "300e2e6b0b3e4244aac149e4e2ea4292", "token": "eyJhbGciOiJIUzI1NiIsInR5cCI6IkpXVCJ9.eyJ0b2tlbl90eXBlIjoicmVmcmVzaCIsImV4cCI6MTcxNzYyNDU4MCwiaWF0IjoxNzE3NTM4MTgwLCJqdGkiOiIzMDBlMmU2YjBiM2U0MjQ0YWFjMTQ5ZTRlMmVhNDI5MiIsInVzZXJfaWQiOjJ9.t-HqOEotC13veMcAk6hu098c2VSBjkWRIffrgbH9p5A", "created_at": "2024-06-04T21:56:20.200Z", "expires_at": "2024-06-05T21:56:20Z"}}, {"model": "token_blacklist.outstandingtoken", "pk": 29, "fields": {"user": 4, "jti": "6413b820ca2c43d095ff912c4f788c6f", "token": "eyJhbGciOiJIUzI1NiIsInR5cCI6IkpXVCJ9.eyJ0b2tlbl90eXBlIjoicmVmcmVzaCIsImV4cCI6MTcxNzYyNDc5OCwiaWF0IjoxNzE3NTM4Mzk4LCJqdGkiOiI2NDEzYjgyMGNhMmM0M2QwOTVmZjkxMmM0Zjc4OGM2ZiIsInVzZXJfaWQiOjR9.zZgnkKU6w1pDuWtrcMB58KXq131Kms0YTtBNN24CDkQ", "created_at": "2024-06-04T21:59:58.321Z", "expires_at": "2024-06-05T21:59:58Z"}}, {"model": "token_blacklist.outstandingtoken", "pk": 30, "fields": {"user": 4, "jti": "8867d32ec2cc4a1897b087be61f88e79", "token": "eyJhbGciOiJIUzI1NiIsInR5cCI6IkpXVCJ9.eyJ0b2tlbl90eXBlIjoicmVmcmVzaCIsImV4cCI6MTcxNzYyNjgyNiwiaWF0IjoxNzE3NTQwNDI2LCJqdGkiOiI4ODY3ZDMyZWMyY2M0YTE4OTdiMDg3YmU2MWY4OGU3OSIsInVzZXJfaWQiOjR9.t_WaBUBMJmPYffTpJOeIH4XXQNk6aUNB9ZnbvAObKQs", "created_at": "2024-06-04T22:33:46.689Z", "expires_at": "2024-06-05T22:33:46Z"}}, {"model": "token_blacklist.outstandingtoken", "pk": 31, "fields": {"user": 4, "jti": "6e8bda82df0149b2ae3e7aa523eb1d7d", "token": "eyJhbGciOiJIUzI1NiIsInR5cCI6IkpXVCJ9.eyJ0b2tlbl90eXBlIjoicmVmcmVzaCIsImV4cCI6MTcxNzY1NjAxNiwiaWF0IjoxNzE3NTY5NjE2LCJqdGkiOiI2ZThiZGE4MmRmMDE0OWIyYWUzZTdhYTUyM2ViMWQ3ZCIsInVzZXJfaWQiOjR9.w9FlP3bjkhbxsc7fKXjO9UyLDvyLH5EkxlrxtRIQh9Y", "created_at": "2024-06-05T06:40:16.499Z", "expires_at": "2024-06-06T06:40:16Z"}}, {"model": "token_blacklist.outstandingtoken", "pk": 32, "fields": {"user": 4, "jti": "24e7d9419a1548639f6b1a729b46e470", "token": "eyJhbGciOiJIUzI1NiIsInR5cCI6IkpXVCJ9.eyJ0b2tlbl90eXBlIjoicmVmcmVzaCIsImV4cCI6MTcxNzY1Nzg3OCwiaWF0IjoxNzE3NTcxNDc4LCJqdGkiOiIyNGU3ZDk0MTlhMTU0ODYzOWY2YjFhNzI5YjQ2ZTQ3MCIsInVzZXJfaWQiOjR9.Ys3oCtJV70QUyvxu_gqoNfQaoOalq8zEYdmDtgjCens", "created_at": "2024-06-05T07:11:18.951Z", "expires_at": "2024-06-06T07:11:18Z"}}, {"model": "token_blacklist.outstandingtoken", "pk": 33, "fields": {"user": 4, "jti": "894af1d2cafb44a79dbd4f9794a8b2b2", "token": "eyJhbGciOiJIUzI1NiIsInR5cCI6IkpXVCJ9.eyJ0b2tlbl90eXBlIjoicmVmcmVzaCIsImV4cCI6MTcxNzY1ODg3NywiaWF0IjoxNzE3NTcyNDc3LCJqdGkiOiI4OTRhZjFkMmNhZmI0NGE3OWRiZDRmOTc5NGE4YjJiMiIsInVzZXJfaWQiOjR9.afaLEE9RCmvB5WORcRoVkLXr0jgZc_wlBcjsxDH8OIk", "created_at": "2024-06-05T07:27:57.435Z", "expires_at": "2024-06-06T07:27:57Z"}}, {"model": "token_blacklist.outstandingtoken", "pk": 34, "fields": {"user": 4, "jti": "8a88921c9d25453597edefd8e67db364", "token": "eyJhbGciOiJIUzI1NiIsInR5cCI6IkpXVCJ9.eyJ0b2tlbl90eXBlIjoicmVmcmVzaCIsImV4cCI6MTcxNzY1OTIxMCwiaWF0IjoxNzE3NTcyODEwLCJqdGkiOiI4YTg4OTIxYzlkMjU0NTM1OTdlZGVmZDhlNjdkYjM2NCIsInVzZXJfaWQiOjR9.D8GUGSs_aMPmchTNrnZzHFfn6sObfExM_-n4R7aOplo", "created_at": "2024-06-05T07:33:30.669Z", "expires_at": "2024-06-06T07:33:30Z"}}, {"model": "token_blacklist.outstandingtoken", "pk": 35, "fields": {"user": 4, "jti": "89160765d83b45928b02473a04419921", "token": "eyJhbGciOiJIUzI1NiIsInR5cCI6IkpXVCJ9.eyJ0b2tlbl90eXBlIjoicmVmcmVzaCIsImV4cCI6MTcxNzc5NTYxMiwiaWF0IjoxNzE3NzA5MjEyLCJqdGkiOiI4OTE2MDc2NWQ4M2I0NTkyOGIwMjQ3M2EwNDQxOTkyMSIsInVzZXJfaWQiOjR9.0abhXWY276BBKyMGoWw-IugS7pUAwAHS-cx-uPeGqCs", "created_at": "2024-06-06T21:26:52.805Z", "expires_at": "2024-06-07T21:26:52Z"}}, {"model": "token_blacklist.outstandingtoken", "pk": 36, "fields": {"user": 4, "jti": "e0421f2545304bb3acf6c71ec2bb9bcf", "token": "eyJhbGciOiJIUzI1NiIsInR5cCI6IkpXVCJ9.eyJ0b2tlbl90eXBlIjoicmVmcmVzaCIsImV4cCI6MTcxNzc5NTk2NSwiaWF0IjoxNzE3NzA5NTY1LCJqdGkiOiJlMDQyMWYyNTQ1MzA0YmIzYWNmNmM3MWVjMmJiOWJjZiIsInVzZXJfaWQiOjR9.kJcZQxUhxiHkFaeukp2e05r6ZjNfXUjo5fJ-hm_tFmQ", "created_at": "2024-06-06T21:32:45.135Z", "expires_at": "2024-06-07T21:32:45Z"}}, {"model": "token_blacklist.outstandingtoken", "pk": 37, "fields": {"user": 4, "jti": "568cfae4212843418121a9b6f1043452", "token": "eyJhbGciOiJIUzI1NiIsInR5cCI6IkpXVCJ9.eyJ0b2tlbl90eXBlIjoicmVmcmVzaCIsImV4cCI6MTcxNzc5NjYxNywiaWF0IjoxNzE3NzEwMjE3LCJqdGkiOiI1NjhjZmFlNDIxMjg0MzQxODEyMWE5YjZmMTA0MzQ1MiIsInVzZXJfaWQiOjR9.PHCyYvgFbh45O3yq6lkC6de5PvYIhih25rZF_SXWO-0", "created_at": "2024-06-06T21:43:37.980Z", "expires_at": "2024-06-07T21:43:37Z"}}, {"model": "token_blacklist.outstandingtoken", "pk": 38, "fields": {"user": 4, "jti": "0305a1c8aa04421dae0994482940dbfd", "token": "eyJhbGciOiJIUzI1NiIsInR5cCI6IkpXVCJ9.eyJ0b2tlbl90eXBlIjoicmVmcmVzaCIsImV4cCI6MTcxNzc5NjkyOCwiaWF0IjoxNzE3NzEwNTI4LCJqdGkiOiIwMzA1YTFjOGFhMDQ0MjFkYWUwOTk0NDgyOTQwZGJmZCIsInVzZXJfaWQiOjR9.jZLpRr_hUk5_T2eXeX9L8BWxL_jTi1HEhBfwQEEc_ao", "created_at": "2024-06-06T21:48:48.843Z", "expires_at": "2024-06-07T21:48:48Z"}}, {"model": "token_blacklist.outstandingtoken", "pk": 39, "fields": {"user": 4, "jti": "0157ce1c0f5047258be535c0ce406393", "token": "eyJhbGciOiJIUzI1NiIsInR5cCI6IkpXVCJ9.eyJ0b2tlbl90eXBlIjoicmVmcmVzaCIsImV4cCI6MTcxNzc5NzAwOCwiaWF0IjoxNzE3NzEwNjA4LCJqdGkiOiIwMTU3Y2UxYzBmNTA0NzI1OGJlNTM1YzBjZTQwNjM5MyIsInVzZXJfaWQiOjR9.DNMXqHQSNHkiruKlUqAGWsGxh0MdRyJ8oQFtfomlUWs", "created_at": "2024-06-06T21:50:08.495Z", "expires_at": "2024-06-07T21:50:08Z"}}, {"model": "accounts.user", "pk": 1, "fields": {"password": "pbkdf2_sha256$720000$WpzP84zdxRsKByN1UTqLbk$fm1rGuPNzx9bsGYb+F9O8KaBp19o6pbZgBZC+GzM3mQ=", "last_login": "2024-06-03T03:06:09.289Z", "is_superuser": true, "username": "admin", "first_name": "", "last_name": "", "email": "admin@test.com", "is_staff": true, "is_active": true, "date_joined": "2024-06-03T03:05:59.201Z", "nickname": "", "name": "", "gender": null, "birthday": null, "profile_image": "", "groups": [], "user_permissions": []}}, {"model": "accounts.user", "pk": 3, "fields": {"password": "", "last_login": "2024-06-04T21:40:48.749Z", "is_superuser": false, "username": "3511696885", "first_name": "", "last_name": "", "email": "", "is_staff": false, "is_active": true, "date_joined": "2024-06-04T04:51:17.335Z", "nickname": "User3511696885", "name": "", "gender": null, "birthday": null, "profile_image": "", "groups": [], "user_permissions": []}}, {"model": "accounts.user", "pk": 4, "fields": {"password": "pbkdf2_sha256$720000$bnpciyMBXrE69CVSaxQTzX$ICkPrqh7OeNnFK49K0m4t88iSPXrZRY/4WD/YfDrdDI=", "last_login": null, "is_superuser": false, "username": "test", "first_name": "", "last_name": "", "email": "", "is_staff": false, "is_active": true, "date_joined": "2024-06-04T21:59:50.344Z", "nickname": "test", "name": "test", "gender": "남성", "birthday": "2024-06-05", "profile_image": "profile_images/도리_MbVnU1i.jpg", "groups": [], "user_permissions": []}}, {"model": "articles.theater", "pk": 1, "fields": {"name": "CGV 천호 아이맥스관", "location": "서울 강동구", "description": "서울 강동구에 위치한 아이맥스 상영관"}}, {"model": "articles.theater", "pk": 2, "fields": {"name": "코엑스 메가박스 더부티크 103호", "location": "서울 강남구", "description": "서울 강남구에 위치한 메가박스 더부티크 상영관"}}, {"model": "articles.seat", "pk": 1, "fields": {"theater": 1, "row": "A", "number": 1, "status": 1, "x": 50, "y": 50}}, {"model": "articles.seat", "pk": 2, "fields": {"theater": 1, "row": "A", "number": 2, "status": 1, "x": 90, "y": 50}}, {"model": "articles.seat", "pk": 3, "fields": {"theater": 1, "row": "A", "number": 3, "status": 1, "x": 130, "y": 50}}, {"model": "articles.seat", "pk": 4, "fields": {"theater": 1, "row": "A", "number": 4, "status": 1, "x": 170, "y": 50}}, {"model": "articles.seat", "pk": 5, "fields": {"theater": 1, "row": "A", "number": 5, "status": 1, "x": 210, "y": 50}}, {"model": "articles.seat", "pk": 6, "fields": {"theater": 1, "row": "A", "number": 6, "status": 1, "x": 250, "y": 50}}, {"model": "articles.seat", "pk": 7, "fields": {"theater": 1, "row": "A", "number": 7, "status": 0, "x": 290, "y": 50}}, {"model": "articles.seat", "pk": 8, "fields": {"theater": 1, "row": "A", "number": 8, "status": 1, "x": 330, "y": 50}}, {"model": "articles.seat", "pk": 9, "fields": {"theater": 1, "row": "A", "number": 9, "status": 1, "x": 370, "y": 50}}, {"model": "articles.seat", "pk": 10, "fields": {"theater": 1, "row": "A", "number": 10, "status": 0, "x": 410, "y": 50}}, {"model": "articles.seat", "pk": 11, "fields": {"theater": 1, "row": "A", "number": 11, "status": 1, "x": 450, "y": 50}}, {"model": "articles.seat", "pk": 12, "fields": {"theater": 1, "row": "A", "number": 12, "status": 1, "x": 490, "y": 50}}, {"model": "articles.seat", "pk": 13, "fields": {"theater": 1, "row": "A", "number": 13, "status": 1, "x": 530, "y": 50}}, {"model": "articles.seat", "pk": 14, "fields": {"theater": 1, "row": "A", "number": 14, "status": 1, "x": 570, "y": 50}}, {"model": "articles.seat", "pk": 15, "fields": {"theater": 1, "row": "A", "number": 15, "status": 1, "x": 610, "y": 50}}, {"model": "articles.seat", "pk": 16, "fields": {"theater": 1, "row": "A", "number": 16, "status": 1, "x": 650, "y": 50}}, {"model": "articles.seat", "pk": 17, "fields": {"theater": 1, "row": "B", "number": 1, "status": 1, "x": 50, "y": 90}}, {"model": "articles.seat", "pk": 18, "fields": {"theater": 1, "row": "B", "number": 2, "status": 1, "x": 90, "y": 90}}, {"model": "articles.seat", "pk": 19, "fields": {"theater": 1, "row": "B", "number": 3, "status": 1, "x": 130, "y": 90}}, {"model": "articles.seat", "pk": 20, "fields": {"theater": 1, "row": "B", "number": 4, "status": 1, "x": 170, "y": 90}}, {"model": "articles.seat", "pk": 21, "fields": {"theater": 1, "row": "B", "number": 5, "status": 1, "x": 210, "y": 90}}, {"model": "articles.seat", "pk": 22, "fields": {"theater": 1, "row": "B", "number": 6, "status": 1, "x": 250, "y": 90}}, {"model": "articles.seat", "pk": 23, "fields": {"theater": 1, "row": "B", "number": 7, "status": 1, "x": 290, "y": 90}}, {"model": "articles.seat", "pk": 24, "fields": {"theater": 1, "row": "B", "number": 8, "status": 1, "x": 330, "y": 90}}, {"model": "articles.seat", "pk": 25, "fields": {"theater": 1, "row": "B", "number": 9, "status": 1, "x": 370, "y": 90}}, {"model": "articles.seat", "pk": 26, "fields": {"theater": 1, "row": "B", "number": 10, "status": 1, "x": 410, "y": 90}}, {"model": "articles.seat", "pk": 27, "fields": {"theater": 1, "row": "B", "number": 11, "status": 1, "x": 450, "y": 90}}, {"model": "articles.seat", "pk": 28, "fields": {"theater": 1, "row": "B", "number": 12, "status": 1, "x": 490, "y": 90}}, {"model": "articles.seat", "pk": 29, "fields": {"theater": 1, "row": "B", "number": 13, "status": 1, "x": 530, "y": 90}}, {"model": "articles.seat", "pk": 30, "fields": {"theater": 1, "row": "B", "number": 14, "status": 1, "x": 570, "y": 90}}, {"model": "articles.seat", "pk": 31, "fields": {"theater": 1, "row": "B", "number": 15, "status": 1, "x": 610, "y": 90}}, {"model": "articles.seat", "pk": 32, "fields": {"theater": 1, "row": "B", "number": 16, "status": 1, "x": 650, "y": 90}}, {"model": "articles.seat", "pk": 33, "fields": {"theater": 1, "row": "C", "number": 1, "status": 1, "x": 50, "y": 130}}, {"model": "articles.seat", "pk": 34, "fields": {"theater": 1, "row": "C", "number": 2, "status": 1, "x": 90, "y": 130}}, {"model": "articles.seat", "pk": 35, "fields": {"theater": 1, "row": "C", "number": 3, "status": 1, "x": 130, "y": 130}}, {"model": "articles.seat", "pk": 36, "fields": {"theater": 1, "row": "C", "number": 4, "status": 1, "x": 170, "y": 130}}, {"model": "articles.seat", "pk": 37, "fields": {"theater": 1, "row": "C", "number": 5, "status": 1, "x": 210, "y": 130}}, {"model": "articles.seat", "pk": 38, "fields": {"theater": 1, "row": "C", "number": 6, "status": 1, "x": 250, "y": 130}}, {"model": "articles.seat", "pk": 39, "fields": {"theater": 1, "row": "C", "number": 7, "status": 1, "x": 290, "y": 130}}, {"model": "articles.seat", "pk": 40, "fields": {"theater": 1, "row": "C", "number": 8, "status": 1, "x": 330, "y": 130}}, {"model": "articles.seat", "pk": 41, "fields": {"theater": 1, "row": "C", "number": 9, "status": 1, "x": 370, "y": 130}}, {"model": "articles.seat", "pk": 42, "fields": {"theater": 1, "row": "C", "number": 10, "status": 1, "x": 410, "y": 130}}, {"model": "articles.seat", "pk": 43, "fields": {"theater": 1, "row": "C", "number": 11, "status": 1, "x": 450, "y": 130}}, {"model": "articles.seat", "pk": 44, "fields": {"theater": 1, "row": "C", "number": 12, "status": 1, "x": 490, "y": 130}}, {"model": "articles.seat", "pk": 45, "fields": {"theater": 1, "row": "C", "number": 13, "status": 1, "x": 530, "y": 130}}, {"model": "articles.seat", "pk": 46, "fields": {"theater": 1, "row": "C", "number": 14, "status": 1, "x": 570, "y": 130}}, {"model": "articles.seat", "pk": 47, "fields": {"theater": 1, "row": "C", "number": 15, "status": 1, "x": 610, "y": 130}}, {"model": "articles.seat", "pk": 48, "fields": {"theater": 1, "row": "C", "number": 16, "status": 1, "x": 650, "y": 130}}, {"model": "articles.seat", "pk": 49, "fields": {"theater": 1, "row": "D", "number": 1, "status": 1, "x": 50, "y": 170}}, {"model": "articles.seat", "pk": 50, "fields": {"theater": 1, "row": "D", "number": 2, "status": 1, "x": 90, "y": 170}}, {"model": "articles.seat", "pk": 51, "fields": {"theater": 1, "row": "D", "number": 3, "status": 1, "x": 130, "y": 170}}, {"model": "articles.seat", "pk": 52, "fields": {"theater": 1, "row": "D", "number": 4, "status": 1, "x": 170, "y": 170}}, {"model": "articles.seat", "pk": 53, "fields": {"theater": 1, "row": "D", "number": 5, "status": 1, "x": 210, "y": 170}}, {"model": "articles.seat", "pk": 54, "fields": {"theater": 1, "row": "D", "number": 6, "status": 1, "x": 250, "y": 170}}, {"model": "articles.seat", "pk": 55, "fields": {"theater": 1, "row": "D", "number": 7, "status": 1, "x": 290, "y": 170}}, {"model": "articles.seat", "pk": 56, "fields": {"theater": 1, "row": "D", "number": 8, "status": 1, "x": 330, "y": 170}}, {"model": "articles.seat", "pk": 57, "fields": {"theater": 1, "row": "D", "number": 9, "status": 1, "x": 370, "y": 170}}, {"model": "articles.seat", "pk": 58, "fields": {"theater": 1, "row": "D", "number": 10, "status": 1, "x": 410, "y": 170}}, {"model": "articles.seat", "pk": 59, "fields": {"theater": 1, "row": "D", "number": 11, "status": 1, "x": 450, "y": 170}}, {"model": "articles.seat", "pk": 60, "fields": {"theater": 1, "row": "D", "number": 12, "status": 1, "x": 490, "y": 170}}, {"model": "articles.seat", "pk": 61, "fields": {"theater": 1, "row": "D", "number": 13, "status": 1, "x": 530, "y": 170}}, {"model": "articles.seat", "pk": 62, "fields": {"theater": 1, "row": "D", "number": 14, "status": 1, "x": 570, "y": 170}}, {"model": "articles.seat", "pk": 63, "fields": {"theater": 1, "row": "D", "number": 15, "status": 1, "x": 610, "y": 170}}, {"model": "articles.seat", "pk": 64, "fields": {"theater": 1, "row": "D", "number": 16, "status": 1, "x": 650, "y": 170}}, {"model": "articles.seat", "pk": 65, "fields": {"theater": 1, "row": "E", "number": 1, "status": 1, "x": 50, "y": 210}}, {"model": "articles.seat", "pk": 66, "fields": {"theater": 1, "row": "E", "number": 2, "status": 1, "x": 90, "y": 210}}, {"model": "articles.seat", "pk": 67, "fields": {"theater": 1, "row": "E", "number": 3, "status": 1, "x": 130, "y": 210}}, {"model": "articles.seat", "pk": 68, "fields": {"theater": 1, "row": "E", "number": 4, "status": 1, "x": 170, "y": 210}}, {"model": "articles.seat", "pk": 69, "fields": {"theater": 1, "row": "E", "number": 5, "status": 1, "x": 210, "y": 210}}, {"model": "articles.seat", "pk": 70, "fields": {"theater": 1, "row": "E", "number": 6, "status": 1, "x": 250, "y": 210}}, {"model": "articles.seat", "pk": 71, "fields": {"theater": 1, "row": "E", "number": 7, "status": 1, "x": 290, "y": 210}}, {"model": "articles.seat", "pk": 72, "fields": {"theater": 1, "row": "E", "number": 8, "status": 1, "x": 330, "y": 210}}, {"model": "articles.seat", "pk": 73, "fields": {"theater": 1, "row": "E", "number": 9, "status": 1, "x": 370, "y": 210}}, {"model": "articles.seat", "pk": 74, "fields": {"theater": 1, "row": "E", "number": 10, "status": 1, "x": 410, "y": 210}}, {"model": "articles.seat", "pk": 75, "fields": {"theater": 1, "row": "E", "number": 11, "status": 1, "x": 450, "y": 210}}, {"model": "articles.seat", "pk": 76, "fields": {"theater": 1, "row": "E", "number": 12, "status": 1, "x": 490, "y": 210}}, {"model": "articles.seat", "pk": 77, "fields": {"theater": 1, "row": "E", "number": 13, "status": 1, "x": 530, "y": 210}}, {"model": "articles.seat", "pk": 78, "fields": {"theater": 1, "row": "E", "number": 14, "status": 1, "x": 570, "y": 210}}, {"model": "articles.seat", "pk": 79, "fields": {"theater": 1, "row": "E", "number": 15, "status": 1, "x": 610, "y": 210}}, {"model": "articles.seat", "pk": 80, "fields": {"theater": 1, "row": "E", "number": 16, "status": 1, "x": 650, "y": 210}}, {"model": "articles.seat", "pk": 81, "fields": {"theater": 1, "row": "F", "number": 1, "status": 1, "x": 50, "y": 250}}, {"model": "articles.seat", "pk": 82, "fields": {"theater": 1, "row": "F", "number": 2, "status": 1, "x": 90, "y": 250}}, {"model": "articles.seat", "pk": 83, "fields": {"theater": 1, "row": "F", "number": 3, "status": 1, "x": 130, "y": 250}}, {"model": "articles.seat", "pk": 84, "fields": {"theater": 1, "row": "F", "number": 4, "status": 1, "x": 170, "y": 250}}, {"model": "articles.seat", "pk": 85, "fields": {"theater": 1, "row": "F", "number": 5, "status": 1, "x": 210, "y": 250}}, {"model": "articles.seat", "pk": 86, "fields": {"theater": 1, "row": "F", "number": 6, "status": 1, "x": 250, "y": 250}}, {"model": "articles.seat", "pk": 87, "fields": {"theater": 1, "row": "F", "number": 7, "status": 1, "x": 290, "y": 250}}, {"model": "articles.seat", "pk": 88, "fields": {"theater": 1, "row": "F", "number": 8, "status": 1, "x": 330, "y": 250}}, {"model": "articles.seat", "pk": 89, "fields": {"theater": 1, "row": "F", "number": 9, "status": 1, "x": 370, "y": 250}}, {"model": "articles.seat", "pk": 90, "fields": {"theater": 1, "row": "F", "number": 10, "status": 1, "x": 410, "y": 250}}, {"model": "articles.seat", "pk": 91, "fields": {"theater": 1, "row": "F", "number": 11, "status": 1, "x": 450, "y": 250}}, {"model": "articles.seat", "pk": 92, "fields": {"theater": 1, "row": "F", "number": 12, "status": 1, "x": 490, "y": 250}}, {"model": "articles.seat", "pk": 93, "fields": {"theater": 1, "row": "F", "number": 13, "status": 1, "x": 530, "y": 250}}, {"model": "articles.seat", "pk": 94, "fields": {"theater": 1, "row": "F", "number": 14, "status": 1, "x": 570, "y": 250}}, {"model": "articles.seat", "pk": 95, "fields": {"theater": 1, "row": "F", "number": 15, "status": 1, "x": 610, "y": 250}}, {"model": "articles.seat", "pk": 96, "fields": {"theater": 1, "row": "F", "number": 16, "status": 1, "x": 650, "y": 250}}, {"model": "articles.seat", "pk": 97, "fields": {"theater": 1, "row": "G", "number": 1, "status": 1, "x": 50, "y": 290}}, {"model": "articles.seat", "pk": 98, "fields": {"theater": 1, "row": "G", "number": 2, "status": 1, "x": 90, "y": 290}}, {"model": "articles.seat", "pk": 99, "fields": {"theater": 1, "row": "G", "number": 3, "status": 1, "x": 130, "y": 290}}, {"model": "articles.seat", "pk": 100, "fields": {"theater": 1, "row": "G", "number": 4, "status": 1, "x": 170, "y": 290}}, {"model": "articles.seat", "pk": 101, "fields": {"theater": 1, "row": "G", "number": 5, "status": 1, "x": 210, "y": 290}}, {"model": "articles.seat", "pk": 102, "fields": {"theater": 1, "row": "G", "number": 6, "status": 1, "x": 250, "y": 290}}, {"model": "articles.seat", "pk": 103, "fields": {"theater": 1, "row": "G", "number": 7, "status": 1, "x": 290, "y": 290}}, {"model": "articles.seat", "pk": 104, "fields": {"theater": 1, "row": "G", "number": 8, "status": 1, "x": 330, "y": 290}}, {"model": "articles.seat", "pk": 105, "fields": {"theater": 1, "row": "G", "number": 9, "status": 1, "x": 370, "y": 290}}, {"model": "articles.seat", "pk": 106, "fields": {"theater": 1, "row": "G", "number": 10, "status": 1, "x": 410, "y": 290}}, {"model": "articles.seat", "pk": 107, "fields": {"theater": 1, "row": "G", "number": 11, "status": 1, "x": 450, "y": 290}}, {"model": "articles.seat", "pk": 108, "fields": {"theater": 1, "row": "G", "number": 12, "status": 1, "x": 490, "y": 290}}, {"model": "articles.seat", "pk": 109, "fields": {"theater": 1, "row": "G", "number": 13, "status": 1, "x": 530, "y": 290}}, {"model": "articles.seat", "pk": 110, "fields": {"theater": 1, "row": "G", "number": 14, "status": 1, "x": 570, "y": 290}}, {"model": "articles.seat", "pk": 111, "fields": {"theater": 1, "row": "G", "number": 15, "status": 1, "x": 610, "y": 290}}, {"model": "articles.seat", "pk": 112, "fields": {"theater": 1, "row": "G", "number": 16, "status": 1, "x": 650, "y": 290}}, {"model": "articles.seat", "pk": 113, "fields": {"theater": 1, "row": "H", "number": 1, "status": 1, "x": 50, "y": 330}}, {"model": "articles.seat", "pk": 114, "fields": {"theater": 1, "row": "H", "number": 2, "status": 1, "x": 90, "y": 330}}, {"model": "articles.seat", "pk": 115, "fields": {"theater": 1, "row": "H", "number": 3, "status": 1, "x": 130, "y": 330}}, {"model": "articles.seat", "pk": 116, "fields": {"theater": 1, "row": "H", "number": 4, "status": 1, "x": 170, "y": 330}}, {"model": "articles.seat", "pk": 117, "fields": {"theater": 1, "row": "H", "number": 5, "status": 1, "x": 210, "y": 330}}, {"model": "articles.seat", "pk": 118, "fields": {"theater": 1, "row": "H", "number": 6, "status": 1, "x": 250, "y": 330}}, {"model": "articles.seat", "pk": 119, "fields": {"theater": 1, "row": "H", "number": 7, "status": 1, "x": 290, "y": 330}}, {"model": "articles.seat", "pk": 120, "fields": {"theater": 1, "row": "H", "number": 8, "status": 1, "x": 330, "y": 330}}, {"model": "articles.seat", "pk": 121, "fields": {"theater": 1, "row": "H", "number": 9, "status": 1, "x": 370, "y": 330}}, {"model": "articles.seat", "pk": 122, "fields": {"theater": 1, "row": "H", "number": 10, "status": 1, "x": 410, "y": 330}}, {"model": "articles.seat", "pk": 123, "fields": {"theater": 1, "row": "H", "number": 11, "status": 1, "x": 450, "y": 330}}, {"model": "articles.seat", "pk": 124, "fields": {"theater": 1, "row": "H", "number": 12, "status": 1, "x": 490, "y": 330}}, {"model": "articles.seat", "pk": 125, "fields": {"theater": 1, "row": "H", "number": 13, "status": 1, "x": 530, "y": 330}}, {"model": "articles.seat", "pk": 126, "fields": {"theater": 1, "row": "H", "number": 14, "status": 1, "x": 570, "y": 330}}, {"model": "articles.seat", "pk": 127, "fields": {"theater": 1, "row": "H", "number": 15, "status": 1, "x": 610, "y": 330}}, {"model": "articles.seat", "pk": 128, "fields": {"theater": 1, "row": "H", "number": 16, "status": 1, "x": 650, "y": 330}}, {"model": "articles.seat", "pk": 129, "fields": {"theater": 1, "row": "I", "number": 1, "status": 1, "x": 50, "y": 370}}, {"model": "articles.seat", "pk": 130, "fields": {"theater": 1, "row": "I", "number": 2, "status": 1, "x": 90, "y": 370}}, {"model": "articles.seat", "pk": 131, "fields": {"theater": 1, "row": "I", "number": 3, "status": 1, "x": 130, "y": 370}}, {"model": "articles.seat", "pk": 132, "fields": {"theater": 1, "row": "I", "number": 4, "status": 1, "x": 170, "y": 370}}, {"model": "articles.seat", "pk": 133, "fields": {"theater": 1, "row": "I", "number": 5, "status": 1, "x": 210, "y": 370}}, {"model": "articles.seat", "pk": 134, "fields": {"theater": 1, "row": "I", "number": 6, "status": 1, "x": 250, "y": 370}}, {"model": "articles.seat", "pk": 135, "fields": {"theater": 1, "row": "I", "number": 7, "status": 1, "x": 290, "y": 370}}, {"model": "articles.seat", "pk": 136, "fields": {"theater": 1, "row": "I", "number": 8, "status": 1, "x": 330, "y": 370}}, {"model": "articles.seat", "pk": 137, "fields": {"theater": 1, "row": "I", "number": 9, "status": 1, "x": 370, "y": 370}}, {"model": "articles.seat", "pk": 138, "fields": {"theater": 1, "row": "I", "number": 10, "status": 1, "x": 410, "y": 370}}, {"model": "articles.seat", "pk": 139, "fields": {"theater": 1, "row": "I", "number": 11, "status": 1, "x": 450, "y": 370}}, {"model": "articles.seat", "pk": 140, "fields": {"theater": 1, "row": "I", "number": 12, "status": 1, "x": 490, "y": 370}}, {"model": "articles.seat", "pk": 141, "fields": {"theater": 1, "row": "I", "number": 13, "status": 1, "x": 530, "y": 370}}, {"model": "articles.seat", "pk": 142, "fields": {"theater": 1, "row": "I", "number": 14, "status": 1, "x": 570, "y": 370}}, {"model": "articles.seat", "pk": 143, "fields": {"theater": 1, "row": "I", "number": 15, "status": 1, "x": 610, "y": 370}}, {"model": "articles.seat", "pk": 144, "fields": {"theater": 1, "row": "I", "number": 16, "status": 1, "x": 650, "y": 370}}, {"model": "articles.seat", "pk": 145, "fields": {"theater": 1, "row": "J", "number": 1, "status": 1, "x": 50, "y": 410}}, {"model": "articles.seat", "pk": 146, "fields": {"theater": 1, "row": "J", "number": 2, "status": 1, "x": 90, "y": 410}}, {"model": "articles.seat", "pk": 147, "fields": {"theater": 1, "row": "J", "number": 3, "status": 1, "x": 130, "y": 410}}, {"model": "articles.seat", "pk": 148, "fields": {"theater": 1, "row": "J", "number": 4, "status": 1, "x": 170, "y": 410}}, {"model": "articles.seat", "pk": 149, "fields": {"theater": 1, "row": "J", "number": 5, "status": 1, "x": 210, "y": 410}}, {"model": "articles.seat", "pk": 150, "fields": {"theater": 1, "row": "J", "number": 6, "status": 1, "x": 250, "y": 410}}, {"model": "articles.seat", "pk": 151, "fields": {"theater": 1, "row": "J", "number": 7, "status": 1, "x": 290, "y": 410}}, {"model": "articles.seat", "pk": 152, "fields": {"theater": 1, "row": "J", "number": 8, "status": 1, "x": 330, "y": 410}}, {"model": "articles.seat", "pk": 153, "fields": {"theater": 1, "row": "J", "number": 9, "status": 1, "x": 370, "y": 410}}, {"model": "articles.seat", "pk": 154, "fields": {"theater": 1, "row": "J", "number": 10, "status": 1, "x": 410, "y": 410}}, {"model": "articles.seat", "pk": 155, "fields": {"theater": 1, "row": "J", "number": 11, "status": 1, "x": 450, "y": 410}}, {"model": "articles.seat", "pk": 156, "fields": {"theater": 1, "row": "J", "number": 12, "status": 1, "x": 490, "y": 410}}, {"model": "articles.seat", "pk": 157, "fields": {"theater": 1, "row": "J", "number": 13, "status": 1, "x": 530, "y": 410}}, {"model": "articles.seat", "pk": 158, "fields": {"theater": 1, "row": "J", "number": 14, "status": 1, "x": 570, "y": 410}}, {"model": "articles.seat", "pk": 159, "fields": {"theater": 1, "row": "J", "number": 15, "status": 1, "x": 610, "y": 410}}, {"model": "articles.seat", "pk": 160, "fields": {"theater": 1, "row": "J", "number": 16, "status": 1, "x": 650, "y": 410}}, {"model": "articles.seat", "pk": 161, "fields": {"theater": 1, "row": "K", "number": 1, "status": 1, "x": 50, "y": 450}}, {"model": "articles.seat", "pk": 162, "fields": {"theater": 1, "row": "K", "number": 2, "status": 1, "x": 90, "y": 450}}, {"model": "articles.seat", "pk": 163, "fields": {"theater": 1, "row": "K", "number": 3, "status": 1, "x": 130, "y": 450}}, {"model": "articles.seat", "pk": 164, "fields": {"theater": 1, "row": "K", "number": 4, "status": 1, "x": 170, "y": 450}}, {"model": "articles.seat", "pk": 165, "fields": {"theater": 1, "row": "K", "number": 5, "status": 1, "x": 210, "y": 450}}, {"model": "articles.seat", "pk": 166, "fields": {"theater": 1, "row": "K", "number": 6, "status": 1, "x": 250, "y": 450}}, {"model": "articles.seat", "pk": 167, "fields": {"theater": 1, "row": "K", "number": 7, "status": 1, "x": 290, "y": 450}}, {"model": "articles.seat", "pk": 168, "fields": {"theater": 1, "row": "K", "number": 8, "status": 1, "x": 330, "y": 450}}, {"model": "articles.seat", "pk": 169, "fields": {"theater": 1, "row": "K", "number": 9, "status": 1, "x": 370, "y": 450}}, {"model": "articles.seat", "pk": 170, "fields": {"theater": 1, "row": "K", "number": 10, "status": 1, "x": 410, "y": 450}}, {"model": "articles.seat", "pk": 171, "fields": {"theater": 1, "row": "K", "number": 11, "status": 1, "x": 450, "y": 450}}, {"model": "articles.seat", "pk": 172, "fields": {"theater": 1, "row": "K", "number": 12, "status": 1, "x": 490, "y": 450}}, {"model": "articles.seat", "pk": 173, "fields": {"theater": 1, "row": "K", "number": 13, "status": 1, "x": 530, "y": 450}}, {"model": "articles.seat", "pk": 174, "fields": {"theater": 1, "row": "K", "number": 14, "status": 1, "x": 570, "y": 450}}, {"model": "articles.seat", "pk": 175, "fields": {"theater": 1, "row": "K", "number": 15, "status": 1, "x": 610, "y": 450}}, {"model": "articles.seat", "pk": 176, "fields": {"theater": 1, "row": "K", "number": 16, "status": 1, "x": 650, "y": 450}}, {"model": "articles.seat", "pk": 177, "fields": {"theater": 2, "row": "A", "number": 1, "status": 1, "x": 150, "y": 50}}, {"model": "articles.seat", "pk": 178, "fields": {"theater": 2, "row": "A", "number": 2, "status": 1, "x": 190, "y": 50}}, {"model": "articles.seat", "pk": 179, "fields": {"theater": 2, "row": "A", "number": 3, "status": 1, "x": 360, "y": 50}}, {"model": "articles.seat", "pk": 180, "fields": {"theater": 2, "row": "A", "number": 4, "status": 1, "x": 400, "y": 50}}, {"model": "articles.seat", "pk": 181, "fields": {"theater": 2, "row": "A", "number": 5, "status": 1, "x": 440, "y": 50}}, {"model": "articles.seat", "pk": 182, "fields": {"theater": 2, "row": "A", "number": 6, "status": 1, "x": 480, "y": 50}}, {"model": "articles.seat", "pk": 183, "fields": {"theater": 2, "row": "B", "number": 1, "status": 1, "x": 150, "y": 90}}, {"model": "articles.seat", "pk": 184, "fields": {"theater": 2, "row": "B", "number": 2, "status": 1, "x": 190, "y": 90}}, {"model": "articles.seat", "pk": 185, "fields": {"theater": 2, "row": "B", "number": 3, "status": 1, "x": 360, "y": 90}}, {"model": "articles.seat", "pk": 186, "fields": {"theater": 2, "row": "B", "number": 4, "status": 1, "x": 400, "y": 90}}, {"model": "articles.seat", "pk": 187, "fields": {"theater": 2, "row": "B", "number": 5, "status": 1, "x": 440, "y": 90}}, {"model": "articles.seat", "pk": 188, "fields": {"theater": 2, "row": "B", "number": 6, "status": 1, "x": 480, "y": 90}}, {"model": "articles.seat", "pk": 189, "fields": {"theater": 2, "row": "C", "number": 1, "status": 1, "x": 150, "y": 130}}, {"model": "articles.seat", "pk": 190, "fields": {"theater": 2, "row": "C", "number": 2, "status": 1, "x": 190, "y": 130}}, {"model": "articles.seat", "pk": 191, "fields": {"theater": 2, "row": "C", "number": 3, "status": 1, "x": 360, "y": 130}}, {"model": "articles.seat", "pk": 192, "fields": {"theater": 2, "row": "C", "number": 4, "status": 1, "x": 400, "y": 130}}, {"model": "articles.seat", "pk": 193, "fields": {"theater": 2, "row": "C", "number": 5, "status": 1, "x": 440, "y": 130}}, {"model": "articles.seat", "pk": 194, "fields": {"theater": 2, "row": "C", "number": 6, "status": 1, "x": 480, "y": 130}}, {"model": "articles.seat", "pk": 195, "fields": {"theater": 2, "row": "D", "number": 1, "status": 1, "x": 150, "y": 170}}, {"model": "articles.seat", "pk": 196, "fields": {"theater": 2, "row": "D", "number": 2, "status": 1, "x": 190, "y": 170}}, {"model": "articles.seat", "pk": 197, "fields": {"theater": 2, "row": "D", "number": 3, "status": 1, "x": 360, "y": 170}}, {"model": "articles.seat", "pk": 198, "fields": {"theater": 2, "row": "D", "number": 4, "status": 1, "x": 400, "y": 170}}, {"model": "articles.seat", "pk": 199, "fields": {"theater": 2, "row": "D", "number": 5, "status": 1, "x": 440, "y": 170}}, {"model": "articles.seat", "pk": 200, "fields": {"theater": 2, "row": "D", "number": 6, "status": 1, "x": 480, "y": 170}}, {"model": "articles.seat", "pk": 201, "fields": {"theater": 2, "row": "E", "number": 1, "status": 1, "x": 150, "y": 210}}, {"model": "articles.seat", "pk": 202, "fields": {"theater": 2, "row": "E", "number": 2, "status": 1, "x": 190, "y": 210}}, {"model": "articles.seat", "pk": 203, "fields": {"theater": 2, "row": "E", "number": 3, "status": 1, "x": 360, "y": 210}}, {"model": "articles.seat", "pk": 204, "fields": {"theater": 2, "row": "E", "number": 4, "status": 1, "x": 400, "y": 210}}, {"model": "articles.seat", "pk": 205, "fields": {"theater": 2, "row": "E", "number": 5, "status": 1, "x": 440, "y": 210}}, {"model": "articles.seat", "pk": 206, "fields": {"theater": 2, "row": "E", "number": 6, "status": 1, "x": 480, "y": 210}}, {"model": "articles.seat", "pk": 207, "fields": {"theater": 2, "row": "F", "number": 1, "status": 1, "x": 150, "y": 250}}, {"model": "articles.seat", "pk": 208, "fields": {"theater": 2, "row": "F", "number": 2, "status": 1, "x": 190, "y": 250}}, {"model": "articles.seat", "pk": 209, "fields": {"theater": 2, "row": "F", "number": 3, "status": 1, "x": 360, "y": 250}}, {"model": "articles.seat", "pk": 210, "fields": {"theater": 2, "row": "F", "number": 4, "status": 1, "x": 400, "y": 250}}, {"model": "articles.seat", "pk": 211, "fields": {"theater": 2, "row": "F", "number": 5, "status": 1, "x": 440, "y": 250}}, {"model": "articles.seat", "pk": 212, "fields": {"theater": 2, "row": "F", "number": 6, "status": 1, "x": 480, "y": 250}}, {"model": "articles.seat", "pk": 213, "fields": {"theater": 2, "row": "G", "number": 1, "status": 1, "x": 150, "y": 290}}, {"model": "articles.seat", "pk": 214, "fields": {"theater": 2, "row": "G", "number": 2, "status": 1, "x": 190, "y": 290}}, {"model": "articles.seat", "pk": 215, "fields": {"theater": 2, "row": "G", "number": 3, "status": 1, "x": 360, "y": 290}}, {"model": "articles.seat", "pk": 216, "fields": {"theater": 2, "row": "G", "number": 4, "status": 1, "x": 400, "y": 290}}, {"model": "articles.seat", "pk": 217, "fields": {"theater": 2, "row": "G", "number": 5, "status": 1, "x": 440, "y": 290}}, {"model": "articles.seat", "pk": 218, "fields": {"theater": 2, "row": "G", "number": 6, "status": 1, "x": 480, "y": 290}}, {"model": "articles.seat", "pk": 219, "fields": {"theater": 2, "row": "H", "number": 1, "status": 1, "x": 150, "y": 330}}, {"model": "articles.seat", "pk": 220, "fields": {"theater": 2, "row": "H", "number": 2, "status": 1, "x": 190, "y": 330}}, {"model": "articles.seat", "pk": 221, "fields": {"theater": 2, "row": "H", "number": 3, "status": 1, "x": 360, "y": 330}}, {"model": "articles.seat", "pk": 222, "fields": {"theater": 2, "row": "H", "number": 4, "status": 1, "x": 400, "y": 330}}, {"model": "articles.seat", "pk": 223, "fields": {"theater": 2, "row": "H", "number": 5, "status": 1, "x": 440, "y": 330}}, {"model": "articles.seat", "pk": 224, "fields": {"theater": 2, "row": "H", "number": 6, "status": 1, "x": 480, "y": 330}}, {"model": "articles.seat", "pk": 225, "fields": {"theater": 2, "row": "I", "number": 1, "status": 1, "x": 150, "y": 370}}, {"model": "articles.seat", "pk": 226, "fields": {"theater": 2, "row": "I", "number": 2, "status": 1, "x": 190, "y": 370}}, {"model": "articles.seat", "pk": 227, "fields": {"theater": 2, "row": "I", "number": 3, "status": 1, "x": 360, "y": 370}}, {"model": "articles.seat", "pk": 228, "fields": {"theater": 2, "row": "I", "number": 4, "status": 1, "x": 400, "y": 370}}, {"model": "articles.seat", "pk": 229, "fields": {"theater": 2, "row": "I", "number": 5, "status": 1, "x": 440, "y": 370}}, {"model": "articles.seat", "pk": 230, "fields": {"theater": 2, "row": "I", "number": 6, "status": 1, "x": 480, "y": 370}}, {"model": "articles.seat", "pk": 231, "fields": {"theater": 2, "row": "J", "number": 1, "status": 1, "x": 150, "y": 410}}, {"model": "articles.seat", "pk": 232, "fields": {"theater": 2, "row": "J", "number": 2, "status": 1, "x": 190, "y": 410}}, {"model": "articles.seat", "pk": 233, "fields": {"theater": 2, "row": "J", "number": 3, "status": 1, "x": 360, "y": 410}}, {"model": "articles.seat", "pk": 234, "fields": {"theater": 2, "row": "J", "number": 4, "status": 1, "x": 400, "y": 410}}, {"model": "articles.seat", "pk": 235, "fields": {"theater": 2, "row": "J", "number": 5, "status": 1, "x": 440, "y": 410}}, {"model": "articles.seat", "pk": 236, "fields": {"theater": 2, "row": "J", "number": 6, "status": 1, "x": 480, "y": 410}}, {"model": "articles.seat", "pk": 237, "fields": {"theater": 2, "row": "K", "number": 1, "status": 1, "x": 150, "y": 450}}, {"model": "articles.seat", "pk": 238, "fields": {"theater": 2, "row": "K", "number": 2, "status": 1, "x": 190, "y": 450}}, {"model": "articles.seat", "pk": 239, "fields": {"theater": 2, "row": "K", "number": 3, "status": 1, "x": 360, "y": 450}}, {"model": "articles.seat", "pk": 240, "fields": {"theater": 2, "row": "K", "number": 4, "status": 1, "x": 400, "y": 450}}, {"model": "articles.seat", "pk": 241, "fields": {"theater": 2, "row": "K", "number": 5, "status": 1, "x": 440, "y": 450}}, {"model": "articles.seat", "pk": 242, "fields": {"theater": 2, "row": "K", "number": 6, "status": 1, "x": 480, "y": 450}}, {"model": "articles.review", "pk": 36, "fields": {"seat": 184, "photo": "photos/5.jpg", "author": 4, "created_at": "2024-06-05T07:56:19.090Z", "updated_at": "2024-06-05T07:56:19.090Z", "content": "test", "score": 5}}]